{
  "IcoMoonType": "selection",
  "icons": [
    {
      "icon": {
        "paths": [
          "M925.714 233.143c-25.143 36.571-56.571 69.143-92.571 95.429 0.571 8 0.571 16 0.571 24 0 244-185.714 525.143-525.143 525.143-104.571 0-201.714-30.286-283.429-82.857 14.857 1.714 29.143 2.286 44.571 2.286 86.286 0 165.714-29.143 229.143-78.857-81.143-1.714-149.143-54.857-172.571-128 11.429 1.714 22.857 2.857 34.857 2.857 16.571 0 33.143-2.286 48.571-6.286-84.571-17.143-148-91.429-148-181.143v-2.286c24.571 13.714 53.143 22.286 83.429 23.429-49.714-33.143-82.286-89.714-82.286-153.714 0-34.286 9.143-65.714 25.143-93.143 90.857 112 227.429 185.143 380.571 193.143-2.857-13.714-4.571-28-4.571-42.286 0-101.714 82.286-184.571 184.571-184.571 53.143 0 101.143 22.286 134.857 58.286 41.714-8 81.714-23.429 117.143-44.571-13.714 42.857-42.857 78.857-81.143 101.714 37.143-4 73.143-14.286 106.286-28.571z"
        ],
        "width": 950.8571428571428,
        "attrs": [],
        "isMulticolor": false,
        "isMulticolor2": false,
        "tags": [
          "twitter"
        ],
        "defaultCode": 61593,
        "grid": 14
      },
      "attrs": [],
      "properties": {
        "name": "twitter",
        "id": 145,
        "order": 4,
        "prevSize": 28,
        "code": 61593
      },
      "setIdx": 3,
      "setId": 3,
      "iconIdx": 145
    },
    {
      "icon": {
        "paths": [
          "M548 6.857v150.857h-89.714c-70.286 0-83.429 33.714-83.429 82.286v108h167.429l-22.286 169.143h-145.143v433.714h-174.857v-433.714h-145.714v-169.143h145.714v-124.571c0-144.571 88.571-223.429 217.714-223.429 61.714 0 114.857 4.571 130.286 6.857z"
        ],
        "width": 602.2582857142856,
        "attrs": [],
        "isMulticolor": false,
        "isMulticolor2": false,
        "tags": [
          "facebook",
          "facebook-f"
        ],
        "defaultCode": 61594,
        "grid": 14
      },
      "attrs": [],
      "properties": {
        "name": "facebook, facebook-f",
        "id": 146,
        "order": 5,
        "prevSize": 28,
        "code": 61594
      },
      "setIdx": 3,
      "setId": 3,
      "iconIdx": 146
    },
    {
      "icon": {
        "paths": [
          "M877.714 768v73.143c0 20-16.571 36.571-36.571 36.571h-804.571c-20 0-36.571-16.571-36.571-36.571v-73.143c0-20 16.571-36.571 36.571-36.571h804.571c20 0 36.571 16.571 36.571 36.571zM877.714 475.429v73.143c0 20-16.571 36.571-36.571 36.571h-804.571c-20 0-36.571-16.571-36.571-36.571v-73.143c0-20 16.571-36.571 36.571-36.571h804.571c20 0 36.571 16.571 36.571 36.571zM877.714 182.857v73.143c0 20-16.571 36.571-36.571 36.571h-804.571c-20 0-36.571-16.571-36.571-36.571v-73.143c0-20 16.571-36.571 36.571-36.571h804.571c20 0 36.571 16.571 36.571 36.571z"
        ],
        "width": 877.7142857142857,
        "attrs": [],
        "isMulticolor": false,
        "isMulticolor2": false,
        "tags": [
          "bars",
          "navicon",
          "reorder"
        ],
        "defaultCode": 61641,
        "grid": 14
      },
      "attrs": [],
      "properties": {
        "name": "menu",
        "id": 178,
        "order": 2,
        "prevSize": 28,
        "code": 61641
      },
      "setIdx": 3,
      "setId": 3,
      "iconIdx": 178
    },
    {
      "icon": {
        "paths": [
          "M406.286 644.571l276.571-142.857-276.571-144.571v287.429zM512 152c215.429 0 358.286 10.286 358.286 10.286 20 2.286 64 2.286 102.857 43.429 0 0 31.429 30.857 40.571 101.714 10.857 82.857 10.286 165.714 10.286 165.714v77.714s0.571 82.857-10.286 165.714c-9.143 70.286-40.571 101.714-40.571 101.714-38.857 40.571-82.857 40.571-102.857 42.857 0 0-142.857 10.857-358.286 10.857v0c-266.286-2.286-348-10.286-348-10.286-22.857-4-74.286-2.857-113.143-43.429 0 0-31.429-31.429-40.571-101.714-10.857-82.857-10.286-165.714-10.286-165.714v-77.714s-0.571-82.857 10.286-165.714c9.143-70.857 40.571-101.714 40.571-101.714 38.857-41.143 82.857-41.143 102.857-43.429 0 0 142.857-10.286 358.286-10.286v0z"
        ],
        "width": 1024,
        "attrs": [],
        "isMulticolor": false,
        "isMulticolor2": false,
        "tags": [
          "youtube-play"
        ],
        "defaultCode": 61802,
        "grid": 14
      },
      "attrs": [],
      "properties": {
        "name": "youtube-play",
        "id": 326,
        "order": 6,
        "prevSize": 28,
        "code": 61802
      },
      "setIdx": 3,
      "setId": 3,
      "iconIdx": 326
    },
    {
      "icon": {
        "paths": [
          "M512 248v248h-82.857v-248h82.857zM739.429 248v248h-82.857v-248h82.857zM739.429 682.286l144.571-145.143v-454.286h-682.286v599.429h186.286v124l124-124h227.429zM966.857 0v578.857l-248 248h-186.286l-124 124h-124v-124h-227.429v-661.714l62.286-165.143h847.429z"
        ],
        "width": 1024,
        "attrs": [],
        "isMulticolor": false,
        "isMulticolor2": false,
        "tags": [
          "twitch"
        ],
        "defaultCode": 61928,
        "grid": 14
      },
      "attrs": [],
      "properties": {
        "name": "twitch",
        "id": 444,
        "order": 3,
        "prevSize": 28,
        "code": 61928
      },
      "setIdx": 3,
      "setId": 3,
      "iconIdx": 444
    }
  ],
  "height": 1024,
  "metadata": {
    "name": "icomoon"
  },
  "preferences": {
    "showGlyphs": true,
    "showQuickUse": true,
    "showQuickUse2": true,
    "showSVGs": true,
    "fontPref": {
      "prefix": "icon-",
      "metadata": {
        "fontFamily": "icomoon",
        "majorVersion": 1,
        "minorVersion": 0
      },
      "metrics": {
        "emSize": 1024,
        "baseline": 6.25,
        "whitespace": 50
      },
      "embed": false,
      "showSelector": false,
      "showMetrics": false,
      "showMetadata": false,
      "showVersion": false
    },
    "imagePref": {
      "prefix": "icon-",
      "png": true,
      "useClassSelector": true,
      "color": 0,
      "bgColor": 16777215,
      "classSelector": ".icon"
    },
    "historySize": 100,
    "showCodes": true,
    "gridSize": 16,
    "showLiga": true
  }
}